{
  "resources": [
    "vmb__07a_vo.mp3",
    "vmb__07a_vo.ogg"
  ],
  "spritemap": {
    "silence": {
      "start": 0,
      "end": 1,
      "loop": true
    },
    "vmb__07a_vo_01": {
      "start": 2,
      "end": 3.7240816326530615,
      "loop": false
    },
    "vmb__07a_vo_02": {
      "start": 5,
      "end": 6.619591836734694,
      "loop": false
    },
    "vmb__07a_vo_03": {
      "start": 8,
      "end": 9.671836734693878,
      "loop": false
    },
    "vmb__07a_vo_04": {
      "start": 11,
      "end": 12.671836734693878,
      "loop": false
    },
    "vmb__07a_vo_05": {
      "start": 14,
      "end": 15.72408163265306,
      "loop": false
    },
    "vmb__07a_vo_06": {
      "start": 17,
      "end": 18.880816326530613,
      "loop": false
    },
    "vmb__07a_vo_07": {
      "start": 20,
      "end": 21.776326530612245,
      "loop": false
    },
    "vmb__07a_vo_08": {
      "start": 23,
      "end": 24.671836734693876,
      "loop": false
    },
    "vmb__07a_vo_09": {
      "start": 26,
      "end": 27.72408163265306,
      "loop": false
    },
    "vmb__07a_vo_10": {
      "start": 29,
      "end": 30.671836734693876,
      "loop": false
    },
    "vmb__07a_vo_11": {
      "start": 32,
      "end": 33.72408163265306,
      "loop": false
    },
    "vmb__07a_vo_12": {
      "start": 35,
      "end": 36.776326530612245,
      "loop": false
    },
    "vmb__07a_vo_13": {
      "start": 38,
      "end": 39.98530612244898,
      "loop": false
    },
    "vmb__07a_vo_14": {
      "start": 41,
      "end": 43.089795918367344,
      "loop": false
    },
    "vmb__07a_vo_15": {
      "start": 45,
      "end": 46.9330612244898,
      "loop": false
    },
    "vmb__07a_vo_16": {
      "start": 48,
      "end": 50.089795918367344,
      "loop": false
    },
    "vmb__07a_vo_17": {
      "start": 52,
      "end": 54.14204081632653,
      "loop": false
    },
    "vmb__07a_vo_18": {
      "start": 56,
      "end": 57.9330612244898,
      "loop": false
    },
    "vmb__07a_vo_19": {
      "start": 59,
      "end": 61.089795918367344,
      "loop": false
    },
    "vmb__07a_vo_20": {
      "start": 63,
      "end": 64.77632653061224,
      "loop": false
    },
    "vmb__07a_vo_21": {
      "start": 66,
      "end": 68.19428571428571,
      "loop": false
    },
    "vmb__07a_vo_22": {
      "start": 70,
      "end": 72.19428571428571,
      "loop": false
    },
    "vmb__07a_vo_23": {
      "start": 74,
      "end": 76.2465306122449,
      "loop": false
    },
    "vmb__07a_vo_24": {
      "start": 78,
      "end": 80.29877551020408,
      "loop": false
    },
    "vmb__07a_vo_25": {
      "start": 82,
      "end": 84.29877551020408,
      "loop": false
    },
    "z_silence": {
      "start": 86,
      "end": 87.04489795918367,
      "loop": false
    }
  },
  "autoplay": "silence"
}